,epsGrowth,marketCap,sentiment,peratio,recommendation
0,0.13471971066907776,2965637169152.0,0.06666666666666667,,buy
1,0.04199066874028001,2547913326592.0,0.13854166666666667,,buy
2,1.4080267558528428,1905000054784.0,0.0786796536796537,,buy
3,0.7137931034482758,1816623579136.0,0.0,,buy
4,0.46769851951547775,1220248469504.0,0.0,,buy
5,0.3592400690846287,1924861394944.0,0.025,,buy
6,0.27288428324697755,1925259722752.0,0.025,,buy
7,2.137693631669536,690550865920.0,0.3328125,,buy
8,0.985539488320356,558287880192.0,0.0,,buy
9,-0.06879903439951723,533634351104.0,-0.055833333333333325,,buy
10,0.02921348314606739,474516193280.0,-0.13333333333333333,,buy
11,0.7846247712019524,462008811520.0,0.0,,buy
12,0.20368239355581144,554146988032.0,0.05816326530612244,,buy
13,-0.20745920745920748,468323368960.0,0.0,,hold
14,0.3302364864864865,424829714432.0,0.0,,buy
15,0.06372549019607837,373232533504.0,0.15833333333333333,,buy
16,0.388963660834455,356430577664.0,0.0,,buy
17,0.023148148148148244,332352126976.0,-0.04,,buy
18,69.0,318604509184.0,-0.16666666666666666,,buy
19,0.14295081967213114,314670514176.0,0.2007034632034632,,buy
20,3.4907749077490777,294653886464.0,0.07500000000000002,,buy
21,0.2015845070422536,295385595904.0,-0.05,,buy
22,0.6639004149377593,239167275008.0,0.0,,buy
23,1.4677804295942718,262258900992.0,0.049999999999999996,,buy
24,0.2722513089005237,479695699968.0,0.0,,buy
25,8.754716981132075,236990775296.0,0.125,,buy
26,0.1344827586206897,290838183936.0,0.042857142857142864,,buy
27,0.3429878048780489,239343419392.0,0.0,,buy
28,0.14170040485829943,259404300288.0,0.22000000000000003,,buy
29,0.35980937251787143,214927360000.0,0.09848484848484848,,buy
30,0.8298279158699808,208328949760.0,0.22272727272727275,,buy
31,0.07708333333333336,211326386176.0,-0.02727272727272727,,buy
32,0.5559146735617323,207950151680.0,0.21666666666666667,,buy
33,2.1779141104294477,206560526336.0,0.0,,buy
34,0.18948322756119673,199231651840.0,0.0,,buy
35,0.09861591695501719,196106141696.0,0.08614718614718614,,buy
36,0.07598784194528875,195656859648.0,-0.020833333333333332,,hold
37,0.5435356200527703,315748810752.0,0.125,,buy
38,0.48909657320872285,186150109184.0,0.01237373737373737,,buy
39,0.11934361014420697,177109041152.0,0.02,,hold
40,0.4507845934379458,175915089920.0,0.0875,,buy
41,0.9235474006116208,169434890240.0,0.19999999999999998,,buy
42,0.7090909090909091,170462904320.0,0.037500000000000006,,buy
43,-0.3734335839598998,161869561856.0,0.11363636363636365,,buy
44,0.2294478527607361,166462570496.0,-0.05000000000000001,,buy
45,0.05647058823529417,157679337472.0,-0.004166666666666666,,buy
46,0.2345013477088949,159827656704.0,0.14250000000000002,,buy
47,0.4442477876106194,174405517312.0,-0.0071428571428571435,,buy
48,0.07395143487858719,151516921856.0,0.125,,buy
49,0.8990498812351544,146624266240.0,0.09285714285714285,,buy
50,-0.07779349363507788,145317740544.0,0.0,,hold
51,4.25,145584947200.0,0.1590909090909091,,hold
52,1.367816091954023,144042557440.0,-0.04,,buy
53,5.918918918918918,147226034176.0,0.04,,buy
54,0.39840637450199207,145770151936.0,0.03333333333333333,,buy
55,0.581730769230769,144247586816.0,-0.022916666666666665,,buy
56,0.20498084291187746,141591085056.0,0.19285714285714287,,buy
57,1.57847533632287,135038230528.0,0.24166666666666667,,hold
58,0.9561510353227768,132125220864.0,-0.006666666666666666,,buy
59,0.01971190295678543,131741491200.0,0.17142857142857146,,buy
60,0.4912280701754387,131108913152.0,0.215,,buy
61,0.02222222222222224,132103069696.0,0.16666666666666666,,buy
62,0.32549728752260393,129942986752.0,0.042045454545454546,,buy
63,0.2857142857142857,126499201024.0,0.0,,buy
64,0.14262159934047802,166187761664.0,0.07638888888888888,,buy
65,-3.058139534883721,118233890816.0,0.0,,buy
66,0.4234122042341221,121175269376.0,0.2510204081632653,,buy
67,0.5690045248868778,123511570432.0,0.03125,,buy
68,0.21187308085977485,125741580288.0,0.06666666666666667,,buy
69,0.7458638922053555,116687814656.0,0.14285714285714285,,buy
70,0.0964467005076143,118433325056.0,0.15000000000000002,,buy
71,0.38425925925925924,114092384256.0,-0.07291666666666667,,buy
72,0.09117647058823532,142679801856.0,0.0,,buy
73,0.29090909090909084,147470286848.0,0.08333333333333333,,buy
74,0.9795918367346937,112803627008.0,0.03571428571428571,,buy
75,0.603385731559855,123816353792.0,0.0,,buy
76,0.8828451882845187,134134669312.0,0.2903628117913832,,buy
77,0.16839378238341968,105774080000.0,0.19166666666666668,,buy
78,0.7301587301587302,105535143936.0,-0.016666666666666666,,buy
79,0.18669037338074682,111567020032.0,0.0,,buy
80,-0.1955698047216555,111432286208.0,0.1625,,buy
81,0.22692307692307698,121802375168.0,0.0,,buy
82,0.8434081750143927,99954376704.0,0.0036363636363636346,,buy
83,0.30741540676745854,101905219584.0,0.17142857142857143,,buy
84,0.1641443538998836,99949559808.0,0.0,,hold
85,0.08994951812758151,101581758464.0,-0.017857142857142856,,buy
86,0.19949174078780169,99732267008.0,0.09629629629629628,,hold
87,1.3831775700934577,98968371200.0,0.03571428571428571,,buy
88,0.17647058823529416,99193798656.0,0.0,,buy
89,0.7202072538860104,99169361920.0,-6.938893903907228e-18,,hold
90,0.0068965517241378485,111558418432.0,0.16,,hold
91,-2.6403269754768393,104126832640.0,0.022,,buy
92,-0.09726443768996955,95733219328.0,0.14444444444444443,,buy
93,0.3658045977011496,98436759552.0,-0.08642676767676767,,buy
94,0.35420393559928454,90929692672.0,0.05505952380952381,,buy
95,-0.01381215469613267,91616804864.0,0.16666666666666666,,buy
96,-0.04945904173106637,89728098304.0,0.26296296296296295,,buy
97,1.01004016064257,87501955072.0,0.16666666666666666,,buy
98,0.40161861406170973,84948582400.0,0.05555555555555555,,buy
99,2.3206521739130435,144178053120.0,0.04375,,buy
100,0.33230293663060273,87918477312.0,0.0,,buy
101,0.5901875901875901,192664616960.0,0.0,,buy
102,0.5244444444444445,83247718400.0,0.13392857142857142,,buy
103,0.4645828648527096,78674444288.0,-0.01833333333333333,,buy
104,1.3103448275862069,79990587392.0,0.05,,buy
105,0.717920353982301,77905747968.0,-0.05555555555555555,,buy
106,0.8293963254593175,76396429312.0,0.11704545454545455,,buy
107,0.19060773480662968,78977556480.0,0.0,,buy
108,0.17449664429530207,77702422528.0,0.24380952380952384,,buy
109,-0.0592307692307692,76601516032.0,0.16666666666666666,,buy
110,0.11286681715575622,76700360704.0,-0.014204545454545456,,buy
111,0.38407079646017694,83096567808.0,-0.1285714285714286,,buy
112,0.5966587112171837,75239620608.0,0.07777777777777778,,buy
113,0.1813084112149534,75788222464.0,0.024999999999999998,,buy
114,0.15536105032822756,72295047168.0,0.05,,hold
115,0.3841991341991341,77743513600.0,0.10666666666666666,,buy
116,0.3402061855670102,71252598784.0,0.0625,,buy
117,0.5078124999999999,71161077760.0,0.0,,buy
118,-0.2845046570702795,70762782720.0,0.11000000000000001,,buy
119,0.37184115523465694,71619633152.0,-0.025,,buy
120,0.272189349112426,66942738432.0,0.125,,buy
121,-0.31077348066298344,98875457536.0,0.10625000000000001,,hold
122,0.30106485963213936,70988341248.0,0.3,,buy
123,0.30256663376110554,68654944256.0,0.06666666666666667,,buy
124,0.4031674208144796,68966866944.0,0.30833333333333335,,buy
125,0.124229979466119,74823671808.0,0.03148148148148147,,hold
126,0.19125683060109294,67132297216.0,-0.017283950617283952,,buy
127,2.298850574712644,67637739520.0,0.23214285714285712,,buy
128,0.5880102040816327,66043600896.0,0.0,,buy
129,0.3697916666666667,65590001664.0,0.09107142857142857,,buy
130,0.189710610932476,66275184640.0,0.040624999999999994,,buy
131,0.2837837837837837,65458044928.0,0.0,,hold
132,-0.051000645577792186,65717096448.0,0.05,,buy
133,0.22046221760581675,64394911744.0,0.045,,buy
134,0.308980213089802,76936093696.0,0.052222222222222225,,buy
135,0.36136552872606176,79188090880.0,0.051190476190476196,,buy
136,1.0429311621021466,68526600192.0,0.012500000000000004,,hold
137,0.10089020771513367,63150632960.0,0.07125,,hold
138,0.718475073313783,62075183104.0,0.12959183673469388,,buy
139,0.4208000000000001,61574889472.0,0.053125,,hold
140,0.44186046511627913,63102001152.0,0.0625,,buy
141,0.2279284477784191,65701163008.0,0.08928571428571429,,buy
142,0.04680365296803655,58264784896.0,0.24206349206349206,,hold
143,0.4238258877434134,68400508928.0,0.0,,buy
144,0.19311502938706976,60622561280.0,0.033843537414965985,,buy
145,0.21812434141201267,80697008128.0,0.13888888888888887,,buy
146,0.5808383233532934,57005383680.0,0.08,,buy
147,0.05604719764011802,68029124608.0,0.013888888888888888,,hold
148,0.1375259156876296,67096465408.0,0.1285714285714286,,buy
149,0.4518241347053321,55091154944.0,0.0,,buy
150,0.3951612903225806,56587726848.0,0.07142857142857142,,buy
151,0.5605345911949686,57190416384.0,0.045,,buy
152,0.51875,62374563840.0,0.0,,hold
153,-0.4011231448054553,53994217472.0,0.06666666666666665,,buy
154,0.7328339575530588,54503702528.0,-0.03148148148148148,,buy
155,0.3723849372384937,54361821184.0,0.0,,hold
156,0.34347826086956523,51729604608.0,-0.025,,buy
157,0.7364341085271319,50390667264.0,0.0,,buy
158,0.28271251193887287,51493801984.0,0.12755102040816327,,buy
159,0.17742049220788375,51658502144.0,0.19999999999999998,,buy
160,0.4979919678714858,50033397760.0,0.026785714285714284,,buy
161,-1.5669041963578778,51058618368.0,0.00974025974025974,,hold
162,1.558823529411765,51643944960.0,-0.016666666666666666,,buy
163,1.4492753623188408,53974409216.0,0.08333333333333333,,buy
164,0.914746543778802,48881008640.0,0.06666666666666667,,buy
165,0.27049180327868855,48913195008.0,0.08055555555555556,,buy
166,0.5597624350408316,49020530688.0,0.08666666666666666,,hold
167,-4.522935779816513,49112907776.0,-0.008333333333333333,,buy
168,0.611111111111111,48239869952.0,0.04081632653061224,,hold
169,-0.2676290949472516,45922574336.0,0.13888888888888887,,buy
170,1.4416601409553642,41784496128.0,0.2537414965986394,,buy
171,0.1571428571428573,50842112000.0,0.04333333333333333,,buy
172,-0.0974212034383955,52611350528.0,0.0625,,buy
173,-0.23880597014925375,46921351168.0,0.17500000000000002,,buy
174,-0.2663551401869159,44138889216.0,0.07142857142857142,,buy
175,0.009124087591240842,46475251712.0,0.16666666666666666,,buy
176,1.169047619047619,46312599552.0,0.16666666666666666,,buy
177,0.9493670886075949,48182509568.0,0.014285714285714282,,buy
178,0.1780575539568346,44709834752.0,0.26041666666666663,,buy
179,-2.16,44981866496.0,0.01875,,buy
180,-15.235294117647062,45619761152.0,0.22261904761904763,,buy
181,0.050477489768076415,46950572032.0,0.0,,buy
182,-0.19980970504281634,43401703424.0,0.04047619047619048,,buy
183,0.223076923076923,59065163776.0,0.2,,hold
184,0.5278810408921935,43384098816.0,0.11249999999999999,,buy
185,0.4056603773584905,44338876416.0,0.05844155844155844,,hold
186,0.3174603174603174,45675397120.0,0.031746031746031744,,buy
187,0.07933194154488515,44331769856.0,0.0,,buy
188,-0.11439588688946023,47891210240.0,0.19571428571428573,,hold
189,4.497237569060773,51413954560.0,0.19109848484848485,,buy
190,0.3384397163120567,42205790208.0,0.04722222222222222,,hold
191,0.4203454894433782,42730803200.0,0.028571428571428564,,hold
192,0.51,42094563328.0,0.10389610389610389,,buy
193,1.2806236080178173,47555702784.0,-0.02,,hold
194,0.6080937167199146,47661174784.0,0.08333333333333333,,buy
195,0.5819637589549094,41780649984.0,0.12788600288600288,,buy
196,0.7178082191780821,41515573248.0,0.0375,,buy
197,5.247058823529412,40773439488.0,0.11499999999999999,,buy
198,-0.58,43613605888.0,0.025,,buy
199,0.19171270718232036,46315413504.0,0.125,,hold
200,-0.0054200542005420505,45876355072.0,0.041666666666666664,,buy
201,-0.19375000000000003,41411997696.0,0.0625,,hold
202,0.3209876543209877,41086369792.0,0.08333333333333333,,buy
203,0.3287671232876712,48376164352.0,0.3,,hold
204,0.37500000000000006,41745637376.0,0.0,,hold
205,0.18567454798331015,40409583616.0,0.1419047619047619,,hold
206,0.298360655737705,44414038016.0,0.027008928571428566,,buy
207,0.15850000000000009,39579852800.0,0.05500000000000001,,buy
208,0.26368159203980085,39562817536.0,0.078125,,buy
209,3.066019417475728,39326420992.0,0.09537037037037038,,hold
210,4.26829268292683,40114655232.0,0.11875000000000001,,hold
211,0.5904139433551199,47651434496.0,0.10555555555555556,,buy
212,0.33766233766233766,55653519360.0,0.0,,buy
213,0.5292929292929293,40198184960.0,0.15000000000000002,,buy
214,0.07568807339449542,39755538432.0,1.3877787807814457e-17,,hold
215,1.1691394658753707,39751020544.0,0.08446969696969697,,hold
216,0.2566371681415928,38441656320.0,0.21041666666666667,,buy
217,0.45454545454545464,38897188864.0,0.02451499118165785,,buy
218,0.15892857142857153,38987751424.0,0.075,,buy
219,0.22851919561243145,59769655296.0,0.2,,buy
220,0.14356435643564358,38687002624.0,0.0062500000000000056,,hold
221,1.1897356143079316,39053991936.0,-0.057499999999999996,,buy
222,0.14747191011235952,41367134208.0,0.0,,buy
223,0.1589242053789732,38198497280.0,0.0,,buy
224,1.6384615384615384,38298624000.0,0.09,,buy
225,0.08496732026143804,43022778368.0,0.0,,hold
226,0.3143872113676733,46092034048.0,0.05833333333333333,,hold
227,0.11965811965811977,37540048896.0,0.0,,hold
228,0.5371621621621622,40825888768.0,0.06451247165532879,,buy
229,0.2545360290305858,35543068672.0,0.08673469387755102,,buy
230,0.868421052631579,35663745024.0,0.1,,buy
231,0.5921052631578947,38555152384.0,0.24166666666666664,,buy
232,0.1505190311418685,35799973888.0,0.0,,buy
233,0.9121756487025949,35609370624.0,0.17083333333333334,,buy
234,0.3999999999999999,44059041792.0,0.049999999999999996,,buy
235,0.1559633027522935,41813118976.0,0.041666666666666664,,hold
236,0.16576576576576577,34278651904.0,0.21547619047619046,,buy
237,0.33904109589041104,34640670720.0,0.10666666666666666,,buy
238,0.35869565217391297,34412544000.0,0.15238095238095237,,buy
239,0.4065155807365439,33340479488.0,0.08333333333333333,,buy
240,-0.2573149741824439,34862223360.0,0.125,,buy
241,-0.6050283860502839,38827864064.0,0.0,,buy
242,0.3777777777777777,37488844800.0,0.12272727272727273,,hold
243,2.3023255813953485,51767087104.0,-0.020833333333333332,,buy
244,0.18527315914489317,33574465536.0,0.05833333333333332,,hold
245,-0.034246575342465786,32912050176.0,0.1361111111111111,,buy
246,-0.11353032659409014,31410425856.0,-0.04375,,hold
247,0.32258064516129015,42606583808.0,0.02666666666666667,,buy
248,-0.2183235867446394,32777109504.0,0.25,,buy
249,0.3996175908221797,31762950144.0,-0.0010662177328844018,,buy
250,0.31937172774869116,32746696704.0,0.08333333333333333,,buy
251,0.09403973509933775,31812757504.0,0.13214285714285717,,buy
252,2.490716180371353,31145877504.0,0.025,,buy
253,0.5784148397976391,30808752128.0,0.0,,buy
254,2.8256880733944953,30891487232.0,0.10634920634920635,,hold
255,0.42170160295930953,31681286144.0,0.25740740740740736,,buy
256,-0.22330097087378645,31726815232.0,0.15833333333333333,,hold
257,0.27238095238095233,30935255040.0,-0.010000000000000009,,hold
258,0.491448118586089,31408320512.0,0.059479166666666666,,hold
259,-0.06538461538461536,30697492480.0,0.0,,buy
260,0.9093198992443324,34025633792.0,0.047619047619047616,,buy
261,0.6523297491039427,30988288000.0,0.09999999999999999,,buy
262,0.8652931854199684,33251678208.0,0.0,,buy
263,0.8514285714285713,28783955968.0,0.19999999999999998,,buy
264,0.30735930735930733,45926879232.0,0.06,,buy
265,0.19314641744548292,30395320320.0,0.03125,,buy
266,0.4378920953575911,29417736192.0,0.017361111111111112,,buy
267,0.6347338935574228,28084365312.0,0.23333333333333334,,hold
268,0.08906882591093107,29093173248.0,0.0,,buy
269,0.021097046413502032,28986886144.0,0.16249999999999998,,hold
270,0.7160493827160492,27931195392.0,0.10493827160493827,,buy
271,0.8691099476439791,28120201216.0,0.11333333333333333,,hold
272,0.14702154626109012,27235338240.0,0.2714285714285714,,buy
273,0.09812568908489532,37783306240.0,0.0,,hold
274,1.1869510664993728,28255270912.0,0.08333333333333333,,buy
275,0.8522613065326634,27049285632.0,0.08333333333333333,,buy
276,0.05112474437627812,26095951872.0,0.03645833333333332,,buy
277,0.1179385530227948,27284129792.0,0.13888888888888887,,buy
278,1.157777777777778,26722320384.0,0.08333333333333333,,buy
279,2.170634920634921,26315378688.0,0.125,,buy
280,0.7942122186495177,26900672512.0,0.10111111111111111,,buy
281,0.3553719008264462,26306867200.0,0.125,,buy
282,0.35110294117647045,25331566592.0,0.0,,buy
283,-0.09596928982725528,26102020096.0,0.16666666666666666,,hold
284,0.6777041942604854,25492426752.0,-0.0625,,buy
285,0.23878517692950682,25420376064.0,0.03333333333333333,,hold
286,0.19433333333333327,38292611072.0,-0.025,,hold
287,-0.19054878048780488,26180339712.0,0.05,,buy
288,-2.7956043956043954,26600466432.0,0.06071428571428572,,buy
289,0.23933649289099543,25758359552.0,0.20992063492063492,,hold
290,0.7555555555555556,26059970560.0,0.0,,buy
291,0.5200617283950616,32784723968.0,0.01875,,hold
292,0.22622950819672144,25451485184.0,0.08333333333333333,,hold
293,0.7786885245901639,24538206208.0,0.15208333333333332,,hold
294,1.0054644808743167,25128652800.0,-0.004166666666666666,,buy
295,0.45901639344262285,25895567360.0,0.08333333333333333,,buy
296,0.09928572969940223,24577091584.0,0.2714285714285714,,buy
297,0.10193548387096764,24316813312.0,0.08492063492063491,,hold
298,0.0,27211556864.0,0.0,,buy
299,2.205882352941176,26746857472.0,0.05385802469135803,,buy
300,0.31382978723404276,23331940352.0,0.024999999999999998,,buy
301,0.0900621118012421,24788183040.0,0.017857142857142856,,buy
302,0.09121621621621606,23890118656.0,0.026234567901234566,,buy
303,0.3045112781954887,25835859968.0,0.025231481481481483,,buy
304,0.19130434782608713,22961047552.0,0.05857142857142857,,buy
305,0.5096153846153846,34747052032.0,0.0,,buy
306,0.10324232081911254,22244464640.0,-0.04,,buy
307,0.15950920245398778,23090302976.0,0.005681818181818181,,buy
308,0.4878048780487803,22774749184.0,0.0,,hold
309,0.6243093922651936,22121349120.0,0.049107142857142856,,hold
310,0.21458507963118195,21587038208.0,0.18511904761904763,,buy
311,0.18526785714285696,22620766208.0,0.30729166666666663,,buy
312,-1.680045871559633,24006889472.0,0.10852272727272727,,buy
313,0.06065088757396452,22465847296.0,0.084375,,buy
314,-0.30360360360360356,22767955968.0,0.08095238095238096,,buy
315,-1.9256198347107438,21563740160.0,0.023809523809523808,,buy
316,0.406896551724138,21824147456.0,0.0,,hold
317,2.396825396825397,21949927424.0,0.1375,,buy
318,-0.10283159463487339,26756726784.0,0.23703703703703707,,hold
319,0.8120689655172414,22507003904.0,0.08143939393939394,,buy
320,-1.4159203980099502,21439137792.0,0.07777777777777778,,hold
321,0.3362255965292841,21178597376.0,0.15833333333333333,,buy
322,0.25338078291814936,20830537728.0,0.17500000000000002,,buy
323,1.4612068965517242,22156402688.0,0.05925925925925925,,buy
324,0.43503727369542056,21530718208.0,0.11857142857142858,,hold
325,2.085858585858586,21085384704.0,0.03571428571428571,,buy
326,0.1306185170956588,19959107584.0,0.05555555555555555,,buy
327,0.5284738041002279,20214626304.0,0.0,,hold
328,0.09317443120260015,20544313344.0,0.09999999999999999,,buy
329,-0.2347417840375587,23319967744.0,0.05,,hold
330,-0.3260423786739577,21622943744.0,0.12962962962962962,,hold
331,-4.7795275590551185,20934895616.0,0.07323232323232323,,buy
332,0.3615023474178404,20848297984.0,0.09999999999999999,,buy
333,0.5336322869955157,20447557632.0,0.09375,,buy
334,-22.533333333333335,20103927808.0,0.03896103896103896,,hold
335,0.67311072056239,19714379776.0,0.009523809523809523,,buy
336,-0.3108758421559192,18986639360.0,0.020833333333333332,,buy
337,0.8200000000000001,19933247488.0,-0.04583333333333334,,buy
338,0.04999999999999998,21945962496.0,0.11683673469387755,,buy
339,0.4591836734693877,21967446016.0,-0.016666666666666666,,buy
340,-0.09411764705882349,20561121280.0,0.06515151515151514,,buy
341,0.24262295081967222,23446468608.0,0.09333333333333334,,hold
342,0.1451612903225806,19333156864.0,-0.04285714285714286,,buy
343,0.20486486486486483,19016957952.0,0.02142857142857143,,buy
344,0.11872146118721472,19689832448.0,0.15857142857142859,,hold
345,0.25666199158485287,19081664512.0,0.02727272727272727,,buy
346,1.7493540051679588,18735931392.0,0.175,,buy
347,-0.39708404802744424,18794844160.0,0.0826530612244898,,buy
348,-0.9453125,20581091328.0,0.0,,buy
349,-1.3337874659400544,18701316096.0,0.05,,buy
350,0.12910798122065725,18202247168.0,0.0,,buy
351,0.17557251908396945,19829925888.0,-0.011479591836734694,,hold
352,5.444444444444444,20240312320.0,0.17142857142857143,,buy
353,0.5032822757111597,17949708288.0,0.06696428571428571,,buy
354,0.1515561569688769,18138144768.0,0.03571428571428571,,buy
355,0.6149732620320856,18072383488.0,0.0,,buy
356,1.7054794520547947,17971517440.0,0.275,,buy
357,9.15873015873016,17815416832.0,0.25,,hold
358,0.2700729927007298,18062258176.0,0.20833333333333334,,buy
359,0.042654028436019106,17372651520.0,0.015625,,hold
360,1.080568720379147,17694097408.0,0.0707070707070707,,buy
361,0.21309963099631002,17561632768.0,0.23579545454545453,,hold
362,2.321568627450981,18915467264.0,0.15350378787878788,,hold
363,1.986842105263158,17576730624.0,0.030260942760942763,,hold
364,10.0,17426632704.0,0.37777777777777777,,buy
365,0.19601328903654497,17782700032.0,0.10333333333333335,,buy
366,1.8928571428571428,17581152256.0,0.07272727272727272,,buy
367,0.1277955271565495,17678446592.0,0.24000000000000005,,hold
368,0.15267175572519084,17184430080.0,0.041666666666666664,,buy
369,0.5072463768115943,33869834240.0,-0.17045454545454547,,buy
370,2.7043879907621244,16949686272.0,-0.028571428571428574,,buy
371,0.6983870967741934,17035701248.0,0.05208333333333333,,buy
372,5.0069444444444455,16866098176.0,0.09999999999999999,,buy
373,0.554083885209713,16664017920.0,-0.006249999999999999,,hold
374,0.12331406551059723,16912504832.0,0.0045454545454545435,,buy
375,0.40293040293040305,16893898752.0,0.1015625,,buy
376,1.6537467700258397,17117649920.0,0.03125,,buy
377,-2.4615384615384612,21402689536.0,0.041666666666666664,,hold
378,0.2111716621253407,16493177856.0,0.1116161616161616,,buy
379,0.007984031936127753,16261211136.0,0.0625,,hold
380,-0.09012131715771224,14320893952.0,0.041666666666666664,,buy
381,0.3069306930693069,21139638272.0,-0.008333333333333333,,buy
382,0.38875692794932687,16543019008.0,0.0,,hold
383,0.13681592039801013,15861477376.0,0.35833333333333334,,buy
384,0.12025316455696193,18437593088.0,-0.041666666666666664,,hold
385,-2.4301994301994303,17276276736.0,-0.009375000000000001,,buy
386,0.21484374999999992,15715616768.0,0.1,,buy
387,0.20543093270365997,16145990656.0,0.16574074074074074,,hold
388,-6.803571428571428,15024937984.0,0.1046875,,buy
389,0.4432624113475179,15420367872.0,-0.035227272727272725,,hold
390,0.14186046511627892,16120084480.0,0.03888888888888889,,buy
391,-0.34095494283792865,15440675840.0,0.04,,buy
392,-0.22568093385214003,17230905344.0,0.027777777777777776,,hold
393,0.4496402877697844,15583905792.0,-0.05357142857142857,,buy
394,0.7106227106227107,14680914944.0,0.25833333333333336,,buy
395,-0.24142312579415506,14918585344.0,0.03571428571428571,,hold
396,1.0823863636363635,15550917632.0,0.09375,,buy
397,-0.10900473933649295,15630644224.0,0.09722222222222222,,hold
398,0.6933333333333334,19610132480.0,0.21422558922558924,,hold
399,0.7532467532467533,14480108544.0,0.0047619047619047615,,buy
400,-0.011848341232227447,16152425472.0,0.05833333333333333,,buy
401,0.18309859154929578,16401262592.0,0.7229166666666667,,hold
402,-0.09745762711864407,15113335808.0,0.08333333333333333,,hold
403,0.36180904522613067,14638289920.0,0.0,,hold
404,1.424,14156738560.0,0.02727272727272727,,buy
405,3.4374999999999996,18497200128.0,0.23909090909090908,,buy
406,0.69971671388102,14247479296.0,0.12708333333333333,,buy
407,0.2563417890520694,14264033280.0,0.04226190476190476,,buy
408,0.10104790419161688,13898304512.0,0.06131628787878787,,buy
409,1.4702797202797204,13778127872.0,0.06439393939393939,,buy
410,0.3084112149532709,14846523392.0,0.10235690235690235,,buy
411,0.048793284365162636,14170732544.0,0.013888888888888888,,hold
412,-4.069148936170213,13737773056.0,0.14457070707070707,,hold
413,-0.5389507154213037,16797526016.0,0.031746031746031744,,hold
414,1.1153846153846152,13792813056.0,0.0828125,,buy
415,0.35023771790808245,17264859136.0,-0.012222222222222235,,buy
416,54.800000000000004,13360162816.0,0.03571428571428571,,hold
417,-0.33383233532934126,13180429312.0,0.0,,buy
418,0.0,13352053760.0,0.05696969696969696,,buy
419,0.2585227272727272,13095736320.0,0.08333333333333333,,buy
420,0.26400000000000007,13037236224.0,0.12407407407407407,,buy
421,0.6590909090909091,12964700160.0,-0.015555555555555559,,hold
422,0.017857142857142672,12758194176.0,0.041666666666666664,,buy
423,0.6204379562043796,20762587136.0,0.10414862914862914,,buy
424,-1.42,15735885824.0,0.0625,,hold
425,0.1798561151079137,12772752384.0,0.18958333333333333,,buy
426,2.604166666666667,12458731520.0,0.09058441558441559,,buy
427,2.3488372093023258,12239328256.0,0.10714285714285714,,hold
428,-1.497764530551416,12331846656.0,0.09214285714285714,,hold
429,0.11328125000000001,12066890752.0,0.015625,,buy
430,0.24719101123595516,20597581824.0,-0.04583333333333334,,buy
431,0.3661327231121281,13635644416.0,0.07857142857142857,,hold
432,-0.2647058823529412,12269220864.0,0.06666666666666667,,buy
433,0.2744479495268139,11891652608.0,0.0,,buy
434,0.07368421052631577,11591362560.0,0.039999999999999994,,buy
435,0.3466955579631635,11681618944.0,0.07698412698412699,,buy
436,-0.16777629826897467,11695671296.0,0.028703703703703703,,buy
437,1.5789473684210529,11697178624.0,0.09563492063492063,,hold
438,0.2857142857142857,11641239552.0,0.125,,buy
439,0.004524886877828159,13056655360.0,0.08888888888888889,,buy
440,-0.09404388714733537,13447818240.0,-0.020833333333333332,,buy
441,0.19626168224299073,11339281408.0,0.14298701298701297,,buy
442,-13.592592592592592,12184758272.0,0.056666666666666664,,hold
443,0.25675675675675685,12361024512.0,0.14285714285714285,,buy
444,0.23692810457516342,10948424704.0,-0.02,,hold
445,5.088235294117646,11657250816.0,0.13607954545454545,,buy
446,-0.664179104477612,12946788352.0,0.03571428571428571,,buy
447,0.2913907284768212,10755895296.0,0.0125,,buy
448,0.10902696365767896,10760045568.0,0.1699404761904762,,hold
449,0.810704960835509,10428103680.0,0.16523809523809524,,hold
450,0.17615176151761516,12657713152.0,0.07222222222222222,,hold
451,-4.658653846153847,10126006272.0,0.125,,hold
452,-0.5243243243243243,10280786944.0,0.3125,,hold
453,-1.2103064066852367,10040437760.0,0.0,,hold
454,-0.0286458333333333,9893219328.0,0.0,,buy
455,-0.16571428571428573,9972359168.0,0.09801587301587301,,hold
456,0.1586206896551724,19026681856.0,0.05,,hold
457,-0.4237837837837838,12023454720.0,0.09999999999999999,,hold
458,1.037735849056604,11753935872.0,-0.025,,buy
459,0.4676258992805757,9764766720.0,0.05555555555555555,,buy
460,1.0185185185185186,9729223680.0,0.08737373737373738,,buy
461,0.044117647058823456,10849872896.0,0.04375,,buy
462,0.4482421875,10603116544.0,0.08499999999999999,,buy
463,4.8,9139267584.0,0.0,,buy
464,0.14861460957178826,9316846592.0,0.0,,buy
465,-0.125,10645243904.0,0.008888888888888885,,buy
466,1.2249999999999999,13789930496.0,0.11481481481481481,,buy
467,1.6363636363636365,9238621184.0,0.0475,,buy
468,0.781645569620253,9104163840.0,0.04292929292929293,,hold
469,0.4965986394557825,10656006144.0,0.09375,,hold
470,0.4179229480737019,9048181760.0,0.36,,buy
471,0.11061946902654868,8624626688.0,0.1875,,buy
472,0.2666666666666668,13176153088.0,0.09999999999999999,,hold
473,0.7024793388429753,9454349312.0,0.13749999999999998,,hold
474,0.11337868480725623,8448641024.0,0.15925925925925927,,buy
475,1.4067278287461773,8145395712.0,0.06388888888888888,,buy
476,0.43382352941176455,8241008640.0,0.041666666666666664,,hold
477,-0.3406593406593407,8262660096.0,-0.03125,,buy
478,0.3616071428571426,7910525952.0,-0.0024999999999999966,,hold
479,0.20321637426900593,7725389312.0,0.13214285714285715,,hold
480,1.216374269005848,14311705600.0,0.0,,hold
481,0.6111111111111108,7575356416.0,0.1875,,buy
482,3.4358974358974352,7785266688.0,0.11861111111111111,,buy
483,0.14690721649484545,7388828672.0,-0.04166666666666666,,hold
484,0.1321428571428572,8338756608.0,0.0625,,buy
485,-0.5543766578249337,7216919040.0,0.044444444444444446,,hold
486,0.5368421052631579,13242934272.0,0.08297258297258296,,hold
487,-1.3653308480894688,7693417984.0,0.09,,buy
488,-3.6575342465753424,6910060032.0,0.15,,hold
489,0.35666218034993274,11160858624.0,0.06666666666666667,,hold
490,0.20874751491053672,6830720512.0,0.0078125,,hold
491,0.2718006795016988,10129650688.0,0.14122474747474748,,buy
492,-1.5499541704857929,7978375680.0,0.020833333333333332,,buy
493,0.24726911618669317,6276022272.0,0.22261904761904763,,hold
494,-2.614492753623188,6953414144.0,0.03,,hold
495,-1.6650485436893203,8540159488.0,0.06666666666666667,,hold
496,0.3742690058479533,14313803776.0,0.0,,none
